寨铡謤铡蘸榨湛,2508
湛铡謤铡债,1985
铡謤眨榨宅崭謧沾,1879
眨斩铡謥,1704
站铡战斩,1281
铡謤毡铡寨崭謧沾,1189
謨铡寨崭謧沾,1083
铡战榨沾,865
斩崭謤斋斩,765
眨謤斋沾,716
瞻铡謤崭謧沾,693
寨榨战铡謤,602
铡战宅铡斩,377
诈崭占斩,340
湛铡战斩,283
诈铡詹斋,270
铡沾铡斩崭謤,261
炸斩寨铡宅斋展,219
謨崭窄铡斩铡寨,192
崭謤栅铡斩,183
铡斩寨崭謧沾斩,168
寨铡謤债榨沾,153
寨铡謤寨铡占,119
斩辗崭詹,114
榨謤寨斩,100
诈崭詹崭謧沾,97
栅謤崭謧斩謩,66
栅铡斩眨,64
寨铡宅崭謧沾,60
咋铡謤诈斩崭謧沾,59
债债崭謧沾,53
宅斋咋崭謧沾,52
寨謤债崭謧沾,47
窄铡辗窄铡辗,46
宅崭謧债铡斩謩,46
瞻崭謧斩毡謩,41
斩崭謥铡,40
寨铡盏债铡寨斩,37
铡粘铡占,34
债铡詹寨崭謧湛,29
咋斋斩展,26
展崭謤謩,20
辗铡瞻铡蘸,20
瞻铡战铡斩榨宅,20
謩榨謤债崭謧沾,18
闸铡战湛,18
謩斩斋斩,17
謨崭宅铡湛,17
咋闸铡詹榨宅,16
咋寨斩斋,14
謥铡斩眨,14
瞻榨詹崭謧沾,14
战崭謩铡,13
战榨蘸瞻铡寨铡斩,13
湛榨战铡斩榨宅,11
战铡斩湛謤,10
栅斋咋崭謧沾,9
崭謤斋咋,9
瞻崭盏斩,9
铡沾铡謤铡斩崭謥,8
寨斋咋崭謧沾,8
瞻謤铡沾铡湛铡謤,8
眨斋湛榨宅,8
崭宅崭占斩,7
咋榨斩崭謧沾,7
謥榨宅崭謧沾,7
眨榨湛铡占崭謧,7
诈铡湛謤,7
战铡斩栅崭謧窄謩,7
斩崭謩铡,7
寨榨斩栅铡斩,6
眨斋斩湛,6
窄斩崭謧沾,6
闸崭寨斋寨,6
咋斋眨斩,5
栅崭謥铡,5
栅崭謩铡,5
瞻崭詹沾斩,4
眨榨謤债崭謧沾,4
眨榨宅崭謧沾,4
詹铡斩崭斩,4
铡盏宅崭謧战湛,4
崭战蘸斩,4
闸铡詹铡斩斋謩,4
债詹窄斩斋,4
榨宅铡斩榨宅,4
铡占闸榨謤榨宅,4
瞻铡湛铡斩榨宅,4
铡斩眨崭謧摘铡湛,3
榨謤寨崭謩斋斩,3
债沾榨宅,3
债崭謧斩謤,3
战蘸铡瞻,3
湛崭謧沾铡謤,3
战斋沾斋斩栅謤,3
榨詹斋粘,3
宅斩崭謧宅,3
瞻榨詹崭謧宅,3
栅铡謤斋粘榨斩斋寨,3
宅崭謧债铡斩榨宅,3
沾铡债斩崭謧宅,3
战蘸铡斩铡斩榨宅,3
眨榨宅崭謧宅,3
窄铡謤闸崭謧咋铡寨,2
债詹謤斋诈,2
战铡湛铡蘸,2
闸榨謤铡斩崭謥,2
诈崭斩毡,2
斋辗铡謥崭謧宅,2
咋铡斩寨,2
窄铡斩栅铡宅,2
寨铡宅斩崭謧沾,2
瞻榨詹毡崭謧沾,2
湛榨铡謤謩,2
崭謧占斩,2
謥斩崭謤,2
宅铡窄崭謧謤,2
湛铡謤眨铡宅,2
闸栅榨铡辗窄,2
毡沾榨謤铡盏斋斩,2
斋闸謤崭謧,2
寨崭謧詹蘸铡寨,2
寨铡辗铡占,2
诈铡沾闸铡湛铡寨,2
债斋债榨占斩,2
瞻铡謤謥铡斩榨宅,2
铡沾蘸铡粘,2
謥榨宅榨宅,2
咋眨榨斩崭謧宅,2
炸斩诈榨占斩崭謧宅,2
沾铡债铡斩榨宅,2
辗斋诈榨宅,2
謥榨宅崭謧宅,2
诈斩栅榨宅,1
謥铡斩謥崭謤栅,1
摘崭詹站榨斩斋,1
诈謩斩崭謧宅,1
眨铡占铡眨斋詹,1
崭謤栅崭謧斩謩,1
栅詹謩斋,1
铡铡宅崭謧战铡斩,1
铡盏铡宅崭謧战铡斩,1
咋榨謤债铡斩榨宅,1
寨铡寨铡栈,1
闸铡謤闸崭謧咋铡斩,1
斋辗窄铡斩铡盏謩,1
站斋摘铡寨,1
闸崭詹闸崭謧粘,1
铡眨铡斩斋沾,1
湛湛崭謧斩,1
闸铡詹毡,1
榨謤寨斩崭謧战湛,1
盏铡斩謥,1
战寨斩栅崭謧寨,1
战沾蘸铡湛铡寨,1
铡沾铡謤铡盏斩斋,1
湛崭謧湛斩,1
湛斋湛榨占斩,1
铡盏謤斋寨,1
咋榨詹债铡斩榨宅,1
窄崭斩铡战湛铡斩,1
窄铡謤闸崭謧咋,1
榨謤铡眨铡咋,1
斩辗栅铡謤榨斩斋,1
寨崭债崭窄崭謧謤,1
债铡占铡眨崭诈斋,1
湛铡占铡湛崭寨,1
闸铡謥崭謧战湛,1
寨粘斋粘,1
站铡謤战謩,1
崭謤榨铡謤,1
辗粘崭謧寨,1
占斩眨崭謧斩謩,1
蘸斋湛崭盏謩,1
斩辗栅铡謤斋,1
寨榨謤蘸铡謤铡斩,1
瞻榨湛铡瞻铡斩,1
闸崭宅崭謤榨謩斋斩,1
寨铡謤辗斩,1
铡沾闸铡战湛铡斩,1
瞻榨诈榨诈铡斩謩,1
眨铡咋铡詹,1
咋斋詹栈,1
咋眨铡债榨宅,1
寨占斋展,1
蘸铡盏斋寨,1
沾榨湛铡战铡斩,1
窄铡謤铡寨榨宅,1
诈謩铡斩榨宅,1
栅斋咋铡斩铡宅,1
榨宅崭謧咋铡斩榨宅,1
榨謤榨寨铡斩铡宅,1
站铡窄粘铡斩榨宅,1
寨斋咋铡斩榨宅,1
窄宅謤湛榨宅,1
咋铡謤诈榨宅,1
宅謩铡斩榨宅,1
宅榨咋崭謧宅,1
咋榨詹崭謧宅,1
咋榨斩崭謧宅,1
宅謩铡斩铡宅,1
咋铡湛铡斩榨宅,1
栅斋咋铡斩榨宅,1
宅斋咋铡斩榨宅,1
战寨战铡斩榨宅,1
沾謤沾占铡宅,1
瞻铡眨铡斩榨宅,1
咋铡謤诈展榨宅,1
窄斩崭謧宅,1
榨謤謬榨宅,1
站铡盏诈榨宅,1
炸詹毡铡斩铡宅,1
眨謤眨铡宅,1
崭謧占榨斩铡宅,1
沾榨謤毡榨宅,1
enable,1
